concept,x1,x2,x3,x4,x5,x6,x7,x8,x9
true,2,5,32,8,19,22,25,12,29
true,22,13,19,5,16,31,25,36,28
true,17,25,1,28,21,36,10,7,32
true,11,20,3,16,6,30,33,36,27
true,28,12,24,3,16,21,35,7,32
true,34,25,9,6,16,2,19,12,29
true,8,36,30,1,13,22,25,19,5
true,26,16,4,12,22,32,1,9,29
true,24,21,31,34,18,12,3,9,27
true,18,30,27,15,6,21,12,9,34
true,11,18,7,29,4,35,32,26,15
true,22,17,7,32,36,13,10,25,28
true,15,12,1,9,20,29,36,6,25
true,35,31,18,11,14,5,22,28,1
true,32,13,22,25,2,28,9,36,18
true,1,22,12,33,25,30,19,6,36
true,24,14,8,17,32,4,1,11,36
true,20,28,25,9,15,31,4,34,1
true,33,27,21,13,30,2,6,9,24
true,10,34,23,20,27,1,14,7,31
true,28,19,25,3,15,34,31,8,22
true,36,29,17,13,33,21,24,10,7
true,36,3,10,17,23,6,13,33,30
true,17,14,21,36,8,3,28,11,32
true,14,6,2,19,33,11,30,23,27
true,19,5,2,12,31,24,27,8,34
true,27,5,1,11,24,34,8,31,21
true,19,36,27,15,24,4,33,10,30
true,9,36,33,24,12,29,5,17,2
true,13,17,34,3,10,20,28,31,25
true,21,25,28,8,17,1,11,31,4
true,23,4,32,16,27,35,8,19,13
true,11,18,23,1,4,15,35,29,26
true,1,24,27,6,11,14,20,34,30
true,23,19,26,10,7,3,16,13,29
true,36,14,1,26,29,23,9,5,17
true,18,2,9,6,27,30,15,33,12
true,11,27,6,35,31,15,3,18,23
true,25,8,22,28,36,1,15,5,12
true,1,32,16,28,36,8,5,12,25
true,31,28,1,16,4,24,34,20,12
true,11,30,1,35,15,7,4,24,21
true,36,8,15,18,2,12,33,25,21
true,32,18,27,35,4,15,22,12,7
true,29,32,20,11,16,36,3,7,26
true,23,12,16,2,19,35,28,8,32
true,29,35,32,21,14,25,7,18,11
true,14,19,29,11,22,32,36,5,8
true,36,20,30,5,9,27,1,12,24
true,12,34,25,19,22,29,9,15,6
true,31,27,18,21,34,2,14,24,5
true,36,2,32,17,24,27,21,5,9
true,29,15,24,5,1,35,9,21,32
true,7,33,16,3,30,13,21,25,10
true,24,17,27,36,10,7,2,32,13
true,29,22,7,32,36,2,14,26,19
true,12,25,28,34,18,15,31,22,4
true,35,2,24,8,32,16,5,11,19
true,31,3,34,27,13,24,6,19,16
true,2,28,36,8,13,5,31,16,22
true,30,24,10,27,33,1,18,7,36
true,35,13,18,21,31,4,1,27,10
true,25,4,32,29,7,11,36,20,16
true,15,2,5,8,21,27,35,24,30
true,35,27,1,5,30,16,11,24,19
true,23,36,14,29,33,7,10,1,18
true,22,5,35,17,13,31,28,10,1
true,36,12,9,18,27,24,1,6,31
true,1,7,14,28,21,33,24,17,4
true,33,36,17,8,29,26,4,13,22
true,36,32,2,14,29,6,11,21,24
true,31,22,15,28,6,2,19,12,9
true,15,5,18,30,2,22,26,35,11
true,28,25,2,13,8,5,36,20,17
true,5,2,28,36,14,9,33,25,17
true,21,11,35,32,29,25,7,14,1
true,2,12,22,32,29,9,35,5,25
true,27,4,8,36,21,30,17,1,33
true,1,33,15,27,30,4,10,36,24
true,9,13,35,1,24,16,20,4,29
true,17,33,20,14,5,36,27,30,2
true,15,3,25,36,10,33,29,22,7
true,21,12,6,33,24,9,2,29,17
true,27,30,8,24,21,11,16,3,35
true,6,1,33,13,18,24,30,27,21
true,1,9,6,36,26,17,29,22,13
true,21,33,14,30,18,24,4,36,11
true,35,32,26,23,17,10,6,3,14
true,17,11,30,14,23,20,36,27,3
true,29,1,11,36,33,7,25,14,22
true,1,9,17,30,33,27,6,36,20
true,1,17,6,20,10,28,14,31,24
true,36,14,7,33,30,26,22,11,19
true,31,28,12,24,3,35,21,16,8
true,12,18,35,2,5,32,27,24,15
true,26,16,1,13,23,36,10,20,31
true,15,34,24,28,1,5,10,31,18
true,28,31,20,23,8,17,2,12,35
true,36,5,32,19,12,23,27,8,1
true,30,16,6,20,34,24,13,2,9
true,31,1,14,8,35,21,28,24,17
true,15,26,12,8,35,30,18,23,5
true,1,10,31,36,6,17,20,26,13
true,2,33,30,24,27,15,21,36,12
true,23,13,1,19,29,6,26,9,33
true,19,22,34,4,25,7,11,30,14
true,23,33,19,11,8,15,26,36,4
true,5,26,8,2,17,13,36,32,29
true,1,31,19,12,5,36,22,25,16
true,24,1,4,21,33,30,7,36,16
true,15,10,25,35,31,28,5,1,18
true,12,35,1,9,29,15,6,21,18
true,20,23,17,14,36,29,5,2,9
true,30,9,27,20,33,1,17,5,24
true,21,17,5,35,32,2,14,8,24
true,8,18,21,2,14,24,11,35,31
true,22,13,25,1,19,28,9,35,5
true,28,16,23,13,5,8,1,20,33
true,4,13,33,1,8,20,23,16,30
true,36,33,7,28,22,14,17,25,4
true,14,11,22,19,26,29,35,3,8
true,8,35,14,4,26,23,30,11,17
true,16,30,19,4,13,33,22,8,25
true,1,31,36,16,5,23,27,13,20
true,12,4,9,35,1,22,26,30,15
true,34,31,21,7,4,13,28,1,18
true,6,11,28,22,36,32,15,25,2
true,6,18,36,10,14,33,28,3,25
true,18,9,14,4,26,1,29,36,32
true,14,26,10,20,30,6,34,23,2
true,21,11,14,36,24,18,8,5,1
true,8,36,30,1,11,25,20,15,4
true,8,29,5,12,32,15,2,35,23
true,4,14,18,31,34,23,11,28,7
true,22,5,32,35,9,13,28,19,25
true,12,9,26,30,5,20,35,15,2
true,23,35,5,32,10,19,13,27,16
true,3,27,30,36,19,7,11,15,24
true,14,10,33,5,30,18,36,1,21
true,35,29,22,16,9,26,4,12,19
true,17,20,6,11,14,1,27,24,36
true,36,17,3,25,13,6,9,21,32
true,12,26,30,2,35,21,8,15,5
true,36,17,1,28,6,20,32,24,12
true,30,14,27,24,11,8,21,17,35
true,27,30,20,13,23,6,10,2,16
true,32,1,36,13,16,27,19,9,22
true,25,15,18,28,8,12,35,22,3
true,2,32,10,23,29,20,13,16,6
true,5,22,25,9,28,13,16,32,19
true,31,2,28,5,35,8,13,24,18
true,13,5,29,8,22,25,35,32,18
true,10,17,6,20,29,3,13,25,36
true,17,3,20,6,13,33,36,25,10
true,1,9,36,12,15,21,18,33,4
true,29,34,26,21,8,18,11,2,15
true,25,18,15,12,4,35,21,32,8
true,26,21,17,29,1,32,36,13,7
true,29,5,23,34,26,10,13,18,1
true,28,21,24,11,7,14,36,17,1
true,30,27,22,13,18,35,7,2,10
true,35,13,1,29,24,8,16,20,5
true,5,8,29,17,36,26,11,33,22
true,11,17,24,14,31,8,28,21,36
true,25,34,12,15,28,19,9,22,1
true,33,2,30,27,36,16,24,21,8
true,9,5,30,16,27,36,33,1,23
true,9,27,30,16,1,20,24,34,6
true,18,36,33,30,26,10,6,14,22
true,7,36,26,22,12,2,32,29,15
true,2,31,22,13,36,5,25,10,17
true,9,29,1,35,20,12,16,32,5
true,2,34,9,5,22,27,14,30,17
true,12,7,33,22,2,16,28,19,25
true,36,21,10,33,25,17,2,5,29
true,26,8,11,18,33,23,15,29,3
true,11,27,3,35,8,24,21,15,30
true,12,1,15,27,5,22,31,18,8
true,22,26,32,1,35,10,5,29,17
true,31,1,7,24,27,15,12,20,35
true,10,7,28,31,25,35,22,4,14
true,27,33,16,30,5,2,19,13,23
true,17,7,26,4,20,30,14,35,11
true,27,34,21,18,10,7,1,31,14
true,16,24,28,20,3,9,35,12,6
true,5,24,16,30,1,21,13,8,27
true,21,12,16,34,31,6,9,24,2
true,13,27,30,2,6,17,36,23,33
true,3,32,29,8,18,26,11,14,22
true,35,12,9,3,6,18,32,24,15
true,17,13,9,24,33,5,29,21,2
true,4,29,8,17,32,36,20,26,1
true,7,23,19,36,10,1,33,16,29
true,4,1,11,25,15,34,30,21,8
true,5,33,36,26,2,22,10,19,14
true,34,5,18,15,2,22,26,31,11
true,3,8,14,18,22,36,30,27,33
true,24,14,2,7,11,35,17,27,30
true,7,19,36,26,31,16,13,2,23
true,31,1,28,4,20,9,17,24,13
true,17,26,23,6,36,2,33,10,13
true,9,27,30,6,12,22,33,3,16
true,20,13,34,17,27,30,5,9,24
true,12,15,31,1,25,28,9,35,4
true,30,18,21,1,5,36,12,33,26
true,12,5,35,32,25,8,20,28,1
true,23,19,15,29,32,36,2,10,6
true,23,34,16,9,2,30,26,13,19
true,17,36,7,14,33,22,25,28,1
true,2,15,32,22,29,36,19,8,26
true,13,28,32,25,6,35,17,10,20
true,2,5,35,17,10,14,32,25,22
true,16,10,13,21,6,25,1,36,30
true,35,20,1,32,7,16,13,10,23
true,10,34,7,3,18,29,21,14,25
true,29,32,23,36,12,1,8,19,15
true,36,28,19,24,33,14,1,5,11
true,18,27,15,3,23,7,10,36,32
true,25,5,13,16,2,10,31,20,34
true,7,11,14,24,17,21,28,31,4
true,10,2,20,28,16,5,33,36,13
true,1,28,23,17,31,20,5,35,12
true,31,15,22,34,25,12,28,2,18
true,17,29,33,14,5,26,21,36,11
true,26,12,22,1,29,19,5,16,32
true,7,12,31,24,27,19,3,34,16
true,25,7,35,2,17,10,28,32,22
true,18,22,6,10,36,27,15,30,1
true,25,11,29,22,14,32,2,19,35
true,19,22,16,34,25,29,5,1,12
true,24,6,10,30,2,20,17,27,36
true,25,7,28,20,15,34,12,31,3
true,36,3,6,15,22,32,28,9,12
true,13,1,29,6,25,33,36,10,21
true,5,8,2,15,34,22,29,26,18
true,15,30,6,20,34,23,9,3,27
true,9,17,36,22,1,25,14,28,33
true,7,27,30,19,36,33,2,11,16
true,13,24,8,27,32,36,5,1,16
true,18,25,21,5,28,34,13,9,1
true,7,28,24,1,17,14,11,21,35
true,18,22,3,35,10,30,26,7,14
true,7,18,34,15,28,25,11,4,22
true,25,36,32,21,17,5,28,2,10
true,4,8,18,35,1,30,25,11,14
true,11,35,14,4,24,32,8,27,21
true,14,17,30,20,9,33,26,3,6
true,5,22,9,31,2,16,36,27,13
true,2,7,24,27,34,31,10,17,20
true,13,17,31,20,27,35,23,10,3
true,16,26,2,36,22,33,29,5,12
true,26,36,20,15,10,31,23,5,2
true,28,7,10,23,35,20,14,17,32
true,16,30,11,26,36,2,5,21,8
true,18,10,26,35,2,31,15,22,7
true,14,9,21,4,33,36,17,30,25
true,35,9,6,22,25,32,13,19,28
true,35,20,8,1,12,16,32,26,23
true,1,4,15,11,7,19,24,36,28
true,21,7,36,15,3,33,11,18,24
true,17,35,11,20,2,26,32,5,8
true,14,18,25,36,28,32,22,8,1
true,30,25,3,6,13,36,21,16,33
true,28,22,14,18,25,32,10,35,3
true,21,28,25,11,32,8,3,18,35
true,2,27,23,13,16,8,36,19,30
true,5,13,28,19,32,22,35,16,10
true,2,30,33,22,12,25,17,5,36
true,1,22,13,31,28,5,9,16,19
true,14,5,26,36,22,33,17,11,8
true,31,11,17,6,34,24,14,20,1
true,19,13,27,16,23,1,8,30,33
true,1,29,9,6,13,36,32,24,21
true,25,4,15,8,18,12,28,31,22
true,8,35,31,23,20,5,28,16,11
true,6,1,25,36,31,22,11,17,28
true,8,36,28,22,25,12,31,19,3
true,27,36,31,13,21,24,3,16,7
true,13,24,7,20,3,29,10,32,36
true,18,24,28,11,36,14,32,7,21
true,18,25,21,31,28,15,3,6,35
true,33,4,14,7,10,21,25,36,1
true,32,1,29,25,15,11,8,35,22
true,9,12,15,23,35,18,4,27,1
true,16,5,31,27,19,1,8,22,11
true,27,6,18,15,21,30,3,12,35
true,35,16,8,20,4,13,1,31,27
true,29,1,17,7,24,35,11,4,20
true,19,3,16,13,29,22,34,25,7
true,36,5,8,29,15,21,26,1,12
true,20,6,10,32,28,16,36,25,2
true,2,22,19,14,26,11,5,31,34
true,2,26,32,17,36,5,23,9,13
true,9,16,25,13,31,6,20,35,28
true,19,13,16,4,25,1,28,31,9
true,32,1,36,17,29,20,8,14,23
true,12,28,1,4,20,8,25,17,34
true,18,29,21,1,33,25,5,36,14
true,28,20,7,15,10,1,4,24,33
true,32,35,18,25,28,15,11,1,22
true,27,36,20,2,23,15,7,30,12
true,36,21,1,18,32,14,25,5,8
true,26,12,35,19,1,4,22,31,9
true,15,18,33,26,8,23,5,36,1
true,21,2,34,25,31,5,13,28,10
true,10,26,6,29,33,20,36,3,14
true,26,16,36,23,12,29,2,6,20
true,32,1,23,36,7,16,20,10,27
true,18,35,12,32,26,21,9,2,15
true,32,6,14,17,23,20,29,3,11
true,4,33,14,36,19,30,7,10,25
true,18,27,21,8,30,33,36,15,1
true,27,24,9,12,18,15,6,21,2
true,19,33,11,1,15,28,7,24,36
true,5,20,2,31,35,28,15,24,11
true,23,30,26,11,36,3,6,15,20
true,14,7,31,36,20,25,1,4,17
true,31,15,21,11,7,1,18,27,34
true,1,4,34,16,25,12,22,31,9
true,11,6,29,32,15,3,36,18,21
true,10,33,36,29,7,19,22,26,13
true,25,32,15,22,5,1,35,18,10
true,22,25,19,32,13,1,36,16,7
true,17,14,4,25,34,20,31,1,28
true,15,24,36,30,18,33,27,21,7
true,28,3,7,22,17,25,32,11,36
true,27,17,20,11,35,30,7,1,4
true,4,31,19,27,1,7,34,16,10
true,1,26,19,12,36,15,29,9,33
true,32,9,18,27,1,6,24,36,21
true,1,18,24,33,8,12,36,27,5
true,32,10,22,3,19,16,36,28,13
true,2,5,14,25,21,30,36,9,33
true,28,4,36,32,18,23,15,7,10
true,32,13,21,24,29,10,4,18,35
true,5,2,18,15,8,26,29,35,11
true,7,23,4,33,36,13,10,17,26
true,20,24,34,2,8,15,28,12,31
true,15,21,36,9,3,28,32,6,25
true,28,31,20,2,35,6,11,24,16
true,15,26,1,32,29,36,4,23,11
true,26,19,8,11,2,36,23,30,16
true,5,33,36,22,26,17,14,1,30
true,27,24,4,20,31,10,7,35,17
true,4,12,28,1,9,15,33,36,20
true,24,7,33,13,36,19,4,10,30
true,5,25,1,12,28,9,36,22,19
true,36,22,10,26,32,15,1,29,18
true,30,20,9,5,24,27,16,2,34
true,1,11,15,35,5,18,8,22,32
true,36,33,21,1,6,29,26,15,18
true,9,25,16,5,1,35,30,21,13
true,11,14,20,8,31,1,36,25,4
true,36,5,14,11,31,8,28,17,21
true,20,36,26,9,29,17,23,14,32
true,21,18,26,4,11,36,8,33,14
true,2,23,6,28,20,10,35,31,13
true,34,16,22,5,27,10,30,13,2
true,30,33,7,26,3,36,23,15,20
true,12,36,23,17,20,5,29,26,1
true,1,8,20,14,36,5,11,23,33
true,36,6,26,17,3,12,33,9,20
true,14,29,17,1,33,11,22,26,6
true,10,30,25,5,2,33,16,13,22
true,23,29,6,10,36,2,17,32,20
true,7,2,20,27,11,33,30,23,16
true,23,27,14,36,4,30,10,20,1
true,29,2,36,9,22,6,32,14,25
true,12,33,29,9,36,3,15,23,6
true,6,9,20,34,31,15,27,1,24
true,24,4,8,1,32,11,28,21,35
true,36,17,29,13,20,10,33,4,24
true,1,24,19,7,32,4,13,16,27
true,4,18,26,35,1,11,15,22,30
true,26,16,19,4,30,36,33,22,12
true,36,17,11,22,33,8,30,1,26
true,2,13,16,9,31,34,24,20,5
true,17,28,25,36,13,31,1,4,21
true,23,4,10,7,15,26,29,20,32
true,36,13,30,25,17,9,33,1,5
true,5,17,36,22,2,28,13,32,8
true,9,32,24,17,36,6,13,27,21
true,6,36,27,10,2,23,17,33,30
true,1,16,4,23,20,28,7,12,33
true,20,15,33,8,36,5,29,25,1
true,25,28,1,17,35,31,4,14,11
true,19,9,12,22,1,16,5,30,36
true,19,13,35,9,16,30,1,26,22
true,11,15,19,5,27,36,30,24,2
true,19,26,31,1,13,4,23,10,34
true,24,31,14,17,1,35,20,5,9
true,8,26,30,4,13,16,1,33,36
true,16,30,33,7,36,11,19,27,1
true,24,12,16,28,9,19,2,5,33
true,27,19,36,30,24,13,5,8,2
true,33,15,6,22,11,26,18,1,29
true,26,10,30,22,1,4,33,15,36
true,27,18,33,13,10,7,36,2,21
true,18,33,21,7,36,25,12,4,1
true,23,26,20,36,5,9,1,12,33
true,24,30,18,5,1,8,27,15,34
true,36,28,25,5,21,13,31,9,16
true,2,12,16,36,29,7,26,21,32
true,28,31,12,3,23,8,35,15,19
true,22,36,12,28,18,2,9,15,33
true,29,20,33,36,6,25,15,10,2
true,12,36,5,32,20,16,8,23,27
true,9,13,23,36,5,1,18,32,28
true,6,13,2,19,9,30,33,22,27
true,30,36,13,8,23,27,33,19,1
true,7,4,23,32,26,35,20,11,16
true,24,30,4,8,16,20,27,33,13
true,35,4,28,31,1,24,18,12,15
true,24,15,6,2,20,31,34,9,27
true,25,14,1,5,29,33,18,21,11
true,3,19,15,26,10,36,23,6,31
true,31,17,9,35,26,23,12,20,2
true,25,4,20,31,7,11,34,15,28
true,15,11,34,18,31,28,22,4,25
true,16,6,24,32,35,13,2,9,27
true,11,27,34,6,30,23,2,19,15
true,16,25,8,3,19,22,12,31,35
true,18,1,5,15,34,31,28,8,24
true,13,25,5,28,17,22,32,1,10
true,15,30,27,23,35,8,20,2,5
true,16,30,9,33,12,22,25,1,4
true,15,29,8,25,18,11,32,36,21
true,1,27,21,7,35,24,14,10,17
true,32,13,1,17,27,24,36,6,20
true,33,1,23,20,17,10,36,13,30
true,9,1,13,5,36,17,27,20,32
true,9,21,17,1,14,30,34,5,27
true,1,15,25,36,31,19,28,5,11
true,22,4,25,16,7,33,11,1,29
true,31,28,23,14,20,11,1,7,35
true,25,2,36,32,7,22,13,10,29
true,34,26,29,10,23,13,16,20,6
true,22,28,9,4,36,32,17,25,1
true,6,17,14,9,23,20,30,34,27
true,1,4,14,32,35,10,21,17,27
true,8,18,31,12,5,34,1,26,15
true,19,11,36,4,7,33,22,25,16
true,33,28,10,16,19,13,6,22,25
true,5,23,8,32,1,17,11,20,14
true,11,24,1,7,4,29,14,20,17
true,25,1,15,12,36,18,9,32,6
true,2,10,7,13,25,31,35,21,17
true,22,14,34,28,1,8,11,5,18
true,32,11,8,22,19,4,1,36,27
true,6,13,20,17,36,24,10,2,27
true,5,31,28,36,9,1,17,23,13
true,22,9,36,28,32,12,19,2,5
true,16,22,9,30,34,2,19,25,6
true,23,19,31,10,15,27,5,2,34
true,31,34,2,14,21,17,25,5,8
true,1,34,31,9,23,6,18,28,14
true,13,33,36,24,20,7,28,1,4
true,7,14,18,35,21,10,26,31,2
true,33,17,23,2,7,10,13,36,26
true,7,4,36,29,24,32,1,10,17
true,24,8,31,19,14,5,28,35,2
true,14,11,36,23,1,4,30,33,27
true,31,14,6,24,11,28,17,3,34
true,30,5,10,33,19,15,36,2,23
true,33,9,36,29,18,14,22,26,2
true,17,11,31,24,21,28,2,6,35
true,11,24,21,36,17,32,4,29,14
true,18,10,7,26,34,23,13,2,31
true,27,14,7,36,3,33,17,10,21
true,21,27,2,35,15,11,18,7,32
true,8,3,11,19,25,31,35,28,22
true,4,11,28,15,31,36,18,8,1
true,5,8,32,19,16,28,36,12,2
true,31,22,2,17,14,6,9,26,36
true,14,11,1,19,31,28,6,23,34
true,25,35,13,32,1,22,5,29,9
true,13,7,29,22,25,10,2,34,16
true,6,29,1,16,20,23,26,13,35
true,20,30,16,10,33,27,36,23,3
true,30,21,1,11,4,24,8,14,34
true,35,14,11,18,4,28,32,8,24
true,20,16,32,6,35,3,9,13,27
true,19,26,29,11,32,6,1,14,36
true,16,35,27,5,2,9,24,21,32
true,3,30,6,23,27,13,36,10,19
true,17,24,2,12,36,5,27,33,30
true,16,19,10,13,27,7,24,31,1
true,29,4,20,17,32,35,7,10,26
true,21,30,9,18,26,1,15,36,6
true,30,4,1,36,33,14,20,17,24
true,33,22,27,30,8,2,19,14,11
true,25,1,18,9,5,21,14,29,33
true,6,20,2,28,11,17,23,32,36
true,23,26,33,11,36,17,1,8,14
true,31,4,19,22,11,36,8,1,26
true,18,14,35,1,28,11,32,8,25
true,36,16,9,30,13,2,25,33,5
true,12,18,32,3,21,29,35,24,6
true,7,16,25,19,10,13,28,4,36
true,36,12,15,9,18,4,27,24,30
true,36,27,4,1,16,33,24,11,20
true,12,8,28,20,5,36,2,32,16
true,7,19,36,27,11,31,4,14,23
true,18,21,13,7,1,33,10,28,36
true,21,36,2,9,32,6,13,24,18
true,1,24,20,36,4,12,27,33,16
true,25,35,7,20,31,28,3,10,14
true,7,4,18,13,1,32,24,10,35
true,20,8,27,23,35,30,14,1,5
true,18,35,32,21,24,27,10,7,1
true,24,28,21,13,33,2,16,36,9
true,36,33,16,29,12,22,9,25,3
true,23,9,36,19,27,3,31,15,6
true,21,9,30,2,5,12,35,17,25
true,6,28,15,32,23,19,9,35,3
true,5,24,21,27,34,9,2,18,31
true,29,11,33,24,21,5,8,36,16
true,24,9,1,20,28,12,34,31,17
true,7,22,35,2,11,15,28,25,32
true,24,1,30,4,33,20,16,11,36
true,24,27,34,8,21,4,11,16,31
true,14,22,8,2,36,11,27,18,31
true,28,1,9,17,35,32,24,13,21
true,32,36,6,26,12,17,23,20,2
true,19,25,34,22,10,16,6,30,3
true,13,20,4,17,1,10,23,36,30
true,21,8,36,24,16,4,11,1,29
true,9,1,33,5,17,21,28,36,24
true,9,12,25,2,18,6,29,22,36
true,18,6,24,15,30,27,9,12,35
true,2,22,30,34,8,12,5,27,17
true,15,25,5,8,35,2,11,29,20
true,23,12,29,4,9,26,1,18,32
true,21,14,36,10,18,7,33,3,25
true,23,36,16,1,27,19,33,5,10
true,31,27,15,7,12,4,21,18,24
true,6,11,23,20,2,32,36,16,29
true,6,36,31,13,16,9,28,23,3
true,9,33,30,25,21,13,1,4,18
true,18,25,1,9,12,15,28,33,21
true,1,10,4,20,17,28,33,13,23
true,12,9,5,29,36,16,19,32,24
true,27,31,24,20,34,14,11,2,7
true,9,26,17,6,32,20,23,36,3
true,23,29,26,32,19,36,6,2,9
true,12,16,2,5,26,36,9,21,29
true,17,1,4,7,26,33,13,10,29
true,5,2,23,8,16,31,27,13,19
true,13,16,28,9,19,4,31,36,25
true,36,33,3,9,19,6,15,27,30
true,11,24,29,8,35,2,21,18,15
true,11,32,27,2,17,8,20,14,5
true,4,13,28,35,20,8,24,1,17
true,15,7,18,29,22,33,11,26,36
true,33,18,2,27,21,8,24,5,12
true,32,20,5,9,35,24,28,2,16
true,13,30,33,24,4,1,21,17,9
true,22,34,12,15,30,7,3,27,18
true,10,27,24,36,18,21,1,33,13
true,9,19,33,15,28,25,12,1,6
true,25,31,20,36,5,14,2,9,28
true,21,4,11,35,25,7,31,1,16
true,35,24,1,18,12,32,4,15,8
true,25,19,15,1,4,33,12,22,36
true,13,10,3,18,6,27,33,36,30
true,30,19,35,27,1,22,14,5,9
true,29,18,23,32,9,36,14,3,26
true,1,36,27,33,7,16,4,23,19
true,20,1,12,4,15,26,36,29,7
true,30,17,12,26,5,8,36,33,23
true,33,26,29,23,3,20,6,14,11
true,7,36,32,19,27,2,15,23,10
true,2,36,33,10,23,27,30,13,7
true,10,36,29,19,13,7,26,23,32
true,10,33,13,28,36,16,20,23,2
true,30,9,33,36,1,5,17,26,20
true,11,1,36,15,18,29,8,24,32
true,10,1,5,13,24,29,35,19,16
true,31,17,4,28,10,14,35,24,1
true,25,6,1,11,15,36,31,21,18
true,16,13,29,10,20,26,36,32,2
true,10,31,20,35,24,13,1,7,28
true,2,33,8,23,11,36,5,19,16
true,28,22,25,18,4,1,35,13,8
true,7,22,13,28,32,4,19,25,35
true,23,1,36,32,7,29,15,18,4
true,4,33,30,1,17,8,25,11,36
true,32,5,21,8,26,16,29,36,11
true,1,7,32,10,13,17,4,21,24
true,34,28,13,3,25,20,31,16,10
true,25,28,33,11,18,21,36,14,2
true,11,14,7,1,4,22,18,33,36
true,20,6,30,3,27,24,34,10,14
true,9,3,24,19,6,32,35,15,28
true,9,13,4,31,21,17,28,24,34
true,33,20,13,36,1,8,28,5,23
true,22,35,32,14,29,26,1,4,11
true,8,21,12,30,18,5,34,25,15
true,18,32,21,8,35,5,15,24,28
true,4,11,22,26,18,36,7,29,33
true,28,8,24,36,2,5,21,16,13
true,31,7,14,3,18,24,21,27,10
true,9,15,21,34,31,18,12,27,4
true,10,29,25,3,22,14,19,35,6
true,1,9,5,12,20,36,32,15,23
true,6,24,13,28,35,10,21,3,16
true,25,10,35,13,16,21,7,31,4
true,35,29,8,11,2,14,17,32,23
true,27,30,11,36,21,8,16,33,5
true,1,25,36,11,28,14,22,5,18
true,6,32,26,19,12,29,9,2,22
true,7,16,23,10,4,34,27,19,31
true,20,36,1,9,23,14,6,29,33
true,7,30,33,4,10,24,21,13,16
true,25,9,21,2,32,6,35,14,29
true,32,19,4,1,28,8,25,16,35
true,13,33,6,2,36,10,16,26,30
true,35,5,18,15,26,2,29,21,11
true,30,1,12,4,20,25,36,15,7
true,11,35,30,1,17,26,22,6,14
true,6,22,11,30,27,19,14,2,33
true,23,26,17,14,1,11,29,8,33
true,23,33,30,36,19,11,5,26,14
true,31,7,18,26,2,12,15,34,23
true,14,5,8,11,23,19,36,26,30
true,32,20,23,4,9,14,1,26,17
true,2,30,26,36,33,17,20,10,14
true,16,19,27,6,30,36,24,13,33
true,1,8,20,33,5,17,11,14,23
true,18,31,15,24,10,6,2,35,27
true,15,22,28,6,36,32,2,11,19
true,22,12,31,3,19,28,25,6,16
true,5,21,35,27,2,13,24,17,30
true,2,10,29,19,33,16,26,36,13
true,31,35,8,24,28,2,5,15,20
true,24,1,17,5,21,27,8,13,35
true,35,6,31,19,10,1,24,13,27
true,9,16,12,30,6,3,25,35,19
true,33,29,36,24,8,18,11,15,4
true,25,36,18,22,32,14,11,8,1
true,28,10,24,36,13,5,2,32,21
true,1,32,35,24,7,4,21,14,28
true,15,28,8,5,25,1,31,19,11
true,11,4,21,28,34,24,8,1,15
true,19,16,34,28,1,7,11,25,31
true,10,13,6,21,26,2,18,35,29
true,4,1,14,33,7,36,28,21,18
true,4,19,30,34,23,13,9,1,27
true,10,19,1,26,33,14,29,22,7
true,17,35,9,2,6,21,32,14,26
true,36,25,19,33,29,16,8,22,11
true,28,6,24,18,12,32,15,35,3
true,22,14,9,6,1,18,30,34,27
true,29,17,36,20,13,8,1,25,32
true,23,18,32,26,7,35,15,10,1
true,1,5,14,35,10,22,26,17,31
true,33,25,21,18,28,10,7,4,36
true,36,5,13,33,23,10,28,2,17
true,1,8,5,12,17,20,27,35,32
true,22,31,8,19,36,11,28,2,16
true,7,36,22,30,33,2,19,26,15
true,29,14,1,32,22,17,36,25,8
true,24,29,2,36,16,33,12,8,5
true,15,36,21,3,24,18,11,27,33
true,28,4,17,36,8,33,23,1,13
true,8,29,11,21,16,35,32,5,24
true,6,20,30,33,24,15,27,10,36
true,28,6,14,9,2,31,25,36,17
true,34,21,31,5,14,24,11,28,18
true,19,35,27,7,32,16,2,10,23
true,5,31,9,28,1,36,17,20,23
true,14,35,28,24,4,17,21,11,1
true,18,29,23,36,5,14,32,10,26
true,16,23,31,20,27,9,36,2,12
true,25,20,16,7,32,1,4,35,10
true,36,26,9,16,32,20,29,1,4
true,2,28,13,10,6,32,36,17,23
true,12,35,8,19,32,15,27,2,5
true,4,33,13,36,1,29,21,24,7
true,36,9,33,30,5,15,26,12,1
true,20,4,24,32,1,17,10,14,36
true,36,33,12,22,3,28,19,15,6
true,23,19,33,12,36,9,5,2,15
true,1,5,13,33,22,16,28,9,25
true,6,25,16,30,36,13,22,9,19
true,3,19,8,31,35,28,25,22,14
true,19,32,28,16,36,1,11,5,25
true,30,36,2,9,22,17,33,27,13
true,29,26,19,8,36,15,22,2,33
true,19,13,10,24,7,34,4,28,1
true,33,1,36,8,4,17,14,23,29
true,15,23,2,10,30,36,27,18,7
true,28,14,35,21,1,11,5,8,18
true,31,15,34,2,25,8,22,11,19
true,35,21,28,11,8,18,31,1,14
true,29,5,20,12,9,16,33,23,26
true,36,9,13,29,22,16,32,2,5
true,1,4,31,18,10,23,34,26,15
true,35,5,31,25,10,13,19,28,16
true,11,14,23,30,20,26,17,2,6
true,17,2,20,27,35,23,5,13,10
true,2,21,24,32,18,9,15,5,12
true,17,32,20,35,26,4,9,1,14
true,20,6,36,10,14,2,33,17,23
true,28,10,4,21,24,7,32,13,36
true,2,22,5,26,12,35,29,16,19
true,17,35,14,31,1,27,21,10,24
true,8,21,30,4,15,12,24,27,18
true,15,12,27,35,23,32,18,3,8
true,2,25,22,10,16,28,32,7,19
true,24,10,17,27,4,20,7,34,13
true,30,7,26,20,34,10,16,3,23
true,8,33,19,16,1,27,5,36,23
true,17,20,35,6,10,24,30,1,27
true,32,23,20,8,5,1,11,26,35
true,1,18,6,34,31,28,22,14,10
true,36,1,10,6,22,27,30,13,19
true,36,10,7,33,28,17,25,22,2
true,17,12,36,8,4,31,26,1,21
true,17,2,35,32,5,20,28,13,24
true,21,3,16,6,25,12,33,36,29
true,24,2,34,16,5,11,8,28,31
true,33,5,2,15,29,22,26,36,12
true,14,11,26,19,1,33,30,23,4
true,1,36,15,19,4,23,12,9,28
true,14,11,27,36,17,24,7,2,20
true,27,10,1,33,4,24,19,30,14
true,30,3,6,27,10,17,24,36,13
true,12,35,19,29,9,26,23,5,32
true,5,29,8,12,1,17,32,35,22
true,21,35,31,17,4,24,1,11,7
true,17,35,5,13,32,2,28,25,21
true,27,35,20,1,24,8,14,4,11
true,15,28,25,31,12,35,9,4,19
true,35,17,6,11,14,31,20,2,26
true,29,2,36,7,10,18,14,25,32
true,5,8,1,14,23,32,36,20,11
true,24,14,35,6,17,27,9,30,1
true,20,33,13,26,7,17,2,30,23
true,25,33,18,1,22,4,14,36,9
true,31,18,8,36,15,21,12,3,28
true,5,19,2,28,16,22,25,32,13
true,1,4,9,18,25,15,33,30,12
true,21,2,31,9,25,12,16,5,35
true,36,8,22,19,33,5,1,29,15
true,22,34,14,11,8,3,31,17,27
true,8,25,33,28,3,16,13,36,22
true,34,6,12,16,19,1,30,27,22
true,5,12,25,18,9,22,33,36,1
true,23,26,3,18,35,14,11,6,32
true,13,3,35,24,21,27,16,30,9
true,25,20,29,32,10,2,7,16,13
true,6,26,29,12,15,21,18,35,3
true,20,15,36,29,26,12,33,9,6
true,5,16,22,9,19,35,29,2,26
true,29,14,17,36,22,8,25,32,11
true,31,1,14,17,28,4,7,20,34
true,30,27,33,4,36,14,7,24,20
true,25,18,35,28,15,1,22,11,8
true,27,12,36,24,16,32,19,2,7
true,15,7,24,4,34,18,1,30,27
true,22,18,1,8,36,30,13,33,26
true,10,34,2,7,25,13,31,21,18
true,12,16,26,9,19,33,23,3,6
true,35,1,26,18,21,7,31,14,4
true,16,35,6,27,13,1,24,9,31
true,1,25,9,13,19,32,5,36,29
true,6,13,1,22,18,30,36,9,25
true,28,8,13,4,32,35,16,20,23
true,19,25,1,32,8,28,36,14,22
true,13,6,2,34,27,24,9,31,21
true,28,17,36,14,20,11,6,24,3
true,19,36,28,16,25,22,5,2,8
true,2,17,25,6,9,36,22,14,28
true,36,25,22,8,2,12,16,32,19
true,11,36,21,7,1,14,17,33,25
true,35,3,28,10,32,21,7,15,24
true,15,32,25,9,4,36,29,18,12
true,17,29,14,23,6,20,10,35,2
true,17,9,31,28,35,13,4,1,22
true,14,7,30,36,2,23,33,17,10
true,10,29,26,5,21,35,17,14,2
true,14,20,1,7,36,28,4,23,10
true,30,15,19,5,8,34,23,11,2
true,33,16,9,27,30,1,36,13,4
true,34,7,3,16,13,22,27,10,19
true,2,36,33,8,23,12,19,5,15
true,22,9,6,12,15,19,28,32,2
true,1,10,6,22,16,13,25,19,34
true,20,23,13,30,10,33,17,3,6
true,14,27,23,5,33,9,2,17,30
true,1,8,18,35,22,11,14,5,31
true,31,15,24,1,28,5,20,9,35
true,26,30,10,17,4,36,7,13,21
true,12,36,8,21,5,25,16,1,33
true,12,24,36,9,15,1,33,29,20
true,22,7,18,10,36,4,30,1,14
true,17,30,14,36,26,20,23,11,7
true,10,7,20,13,28,33,4,36,23
true,21,9,1,24,36,18,29,5,32
true,16,13,34,31,23,1,10,5,28
true,4,21,31,34,18,26,9,13,1
true,6,23,2,9,35,31,15,27,12
true,2,18,6,31,34,12,22,15,26
true,25,18,28,2,9,31,21,12,6
true,20,13,29,9,26,1,16,6,32
true,33,36,24,1,4,10,21,18,15
true,15,33,9,24,12,6,18,21,29
true,14,4,1,7,34,11,30,27,20
true,12,34,26,31,22,8,19,1,16
true,25,5,28,11,36,32,2,21,17
true,27,30,13,6,24,36,16,21,10
true,26,11,17,14,31,35,20,2,8
true,5,2,35,8,16,30,20,25,13
true,34,15,8,5,1,27,30,12,18
true,16,20,3,13,9,6,28,36,23
true,23,14,3,17,26,20,8,36,32
true,4,25,28,36,31,18,13,10,21
true,5,13,16,10,1,19,31,28,35
true,35,28,32,25,9,2,6,14,22
true,20,11,17,14,34,8,24,1,5
true,22,27,9,6,36,14,30,2,17
true,1,35,24,11,4,28,7,15,31
true,12,18,5,2,15,34,28,22,8
true,11,35,24,2,6,29,18,32,21
true,17,27,23,5,35,31,1,13,20
true,23,36,13,7,1,4,20,33,27
true,7,28,1,10,21,18,33,15,25
true,23,16,1,28,7,10,13,19,32
true,6,36,33,26,18,2,29,13,23
true,23,17,5,32,2,20,13,9,26
true,22,9,36,19,2,28,31,16,13
true,20,13,30,10,17,33,25,2,6
true,36,14,17,28,7,11,32,21,4
true,29,36,25,2,9,12,18,5,21
true,32,13,1,5,36,28,8,16,25
true,35,22,29,32,19,4,15,12,7
true,19,2,23,27,16,33,8,30,12
true,26,30,1,15,4,20,8,11,33
true,30,26,22,1,17,34,4,8,12
true,31,8,13,35,1,4,27,20,16
true,2,5,30,15,11,8,36,19,27
true,7,36,4,14,25,10,1,30,20
true,28,6,36,9,22,2,31,19,14
true,30,4,10,13,1,35,7,26,21
true,30,7,33,11,18,36,4,1,23
true,27,12,23,5,18,33,9,15,30
true,27,36,5,15,30,2,12,21,24
true,12,16,35,1,24,32,4,20,8
true,7,32,35,14,2,18,21,29,24
true,29,32,4,36,21,16,1,12,26
true,36,12,30,5,9,24,19,33,2
true,7,17,34,31,25,1,20,13,4
true,31,14,18,35,1,8,21,27,11
true,19,26,6,33,14,29,2,36,11
true,31,10,16,27,22,2,6,34,13
true,32,12,19,36,28,8,25,22,5
true,2,6,32,29,9,12,21,15,35
true,29,35,9,1,32,15,12,19,5
true,15,9,34,31,5,22,12,28,25
true,24,30,4,27,14,36,1,11,21
true,31,14,9,22,2,28,36,17,25
true,23,3,34,20,9,12,30,15,6
true,13,16,2,21,33,30,5,27,8
true,24,8,1,15,34,19,11,4,28
true,29,4,24,35,15,8,11,1,20
true,6,21,1,32,35,9,16,13,24
true,25,15,12,9,36,1,28,20,5
true,24,35,8,15,3,21,11,32,29
true,19,32,25,16,35,28,13,10,6
true,24,31,34,2,21,8,17,27,11
true,5,28,22,1,17,9,25,36,14
true,26,7,16,33,2,19,23,10,13
true,7,1,18,33,11,14,28,36,24
true,5,30,27,23,12,1,9,33,17
true,29,19,9,24,33,36,16,5,1
true,6,9,19,16,34,22,2,27,31
true,36,1,27,15,12,8,5,23,31
true,23,32,3,17,7,13,20,28,10
true,36,3,29,13,26,10,23,32,17
true,27,16,2,5,13,19,22,32,8
true,32,16,2,11,23,36,19,29,6
true,1,28,20,24,17,32,4,12,36
true,18,1,28,21,15,24,32,35,9
true,1,4,35,24,10,21,30,14,17
true,28,33,7,17,20,10,2,36,14
true,8,21,25,35,2,5,15,12,32
true,29,33,1,23,20,5,15,9,36
true,12,15,20,2,36,33,9,5,30
true,26,23,31,18,34,5,14,2,11
true,5,36,1,33,24,13,17,28,8
true,32,27,2,35,24,20,5,15,9
true,13,5,2,8,36,16,31,19,24
true,36,19,4,30,12,16,24,8,33
true,7,16,36,33,19,24,11,27,4
true,4,21,10,1,7,26,34,14,31
true,15,33,27,2,12,22,6,18,9
true,34,1,31,11,8,14,24,19,4
true,9,35,31,19,27,2,5,22,15
true,6,34,10,24,16,1,31,21,28
true,23,10,7,4,36,32,17,27,20
true,35,30,11,20,3,17,14,24,27
true,25,14,9,21,17,33,4,36,29
true,27,1,13,17,20,10,32,36,23
true,3,18,32,7,22,11,25,15,29
true,36,1,16,4,27,20,32,7,24
true,13,2,23,20,31,9,16,35,26
true,21,36,30,2,25,12,17,8,5
true,9,35,12,24,21,3,32,27,6
true,4,19,32,29,10,25,22,1,15
true,6,24,9,31,17,14,35,20,1
true,32,22,11,28,4,14,1,8,19
true,27,1,12,36,4,7,31,19,16
true,24,30,36,14,10,4,18,33,7
true,31,34,27,21,24,4,13,7,17
true,36,2,9,16,19,33,12,28,23
true,20,23,33,4,9,36,27,15,30
true,11,30,27,5,20,36,2,23,14
true,22,36,26,11,8,30,17,14,2
true,19,32,15,4,1,23,29,12,8
true,22,32,6,35,29,14,10,25,2
true,17,3,7,36,24,32,10,21,13
true,20,23,5,16,10,13,31,34,28
true,8,15,2,28,31,36,22,19,11
true,5,31,8,18,21,14,35,27,2
true,27,30,11,33,7,17,36,4,14
true,33,17,7,20,14,36,26,4,30
true,15,18,25,22,4,36,32,28,7
true,27,21,5,18,10,35,2,15,30
true,19,13,1,36,31,22,25,16,5
true,15,2,36,7,12,25,29,33,20
true,27,19,1,12,7,22,4,32,16
true,24,8,19,4,1,13,27,30,34
true,1,27,35,18,7,31,13,4,23
true,35,10,25,13,18,22,2,31,5
true,22,5,29,32,26,17,14,9,36
true,22,13,19,1,4,32,25,36,16
true,21,36,17,13,28,25,1,4,7
true,12,31,21,27,8,35,24,4,17
true,36,21,1,12,32,28,24,4,9
true,28,7,25,31,2,10,13,34,22
true,16,33,21,4,7,25,13,30,10
true,33,21,12,26,17,1,29,8,36
true,17,29,22,8,26,14,1,34,4
true,35,8,5,11,14,21,29,32,1
true,29,2,14,36,9,20,5,17,24
true,23,36,8,30,33,12,17,4,26
true,17,6,2,36,14,21,11,25,33
true,9,28,32,36,14,17,2,25,22
true,19,13,27,2,10,35,31,7,23
true,21,35,5,15,9,1,26,29,18
true,1,31,36,18,24,14,27,21,8
true,15,25,30,22,6,35,9,2,19
true,32,25,9,28,1,13,35,19,4
true,9,21,6,36,17,24,30,14,3
true,16,1,9,32,29,26,36,22,19
true,35,22,3,6,15,32,18,9,26
true,29,12,22,26,19,5,2,32,36
true,29,22,11,1,5,32,35,17,14
true,12,27,19,24,1,15,9,6,32
true,28,2,5,10,22,32,19,25,36
true,1,28,36,22,6,13,17,10,25
true,5,32,24,9,36,27,21,18,1
true,4,25,19,7,28,32,14,1,10
true,27,11,32,7,1,14,21,24,4
true,36,2,5,19,13,16,29,24,32
true,29,18,15,36,33,11,22,1,5
true,1,24,16,19,8,11,35,30,4
true,3,13,18,36,21,33,29,26,10
true,4,7,1,24,34,28,13,16,10
true,32,19,1,24,28,6,15,36,11
true,16,13,2,26,5,19,32,9,29
true,8,4,33,17,22,29,36,12,1
true,10,19,15,33,22,25,3,28,6
true,34,21,15,27,18,4,11,7,24
true,11,36,21,28,18,33,14,3,6
true,19,16,36,8,24,1,5,27,13
true,35,12,21,9,4,31,1,17,26
true,36,32,10,7,23,1,16,29,20
true,33,9,1,30,36,19,24,13,6
true,25,19,4,22,1,7,10,16,31
true,36,30,1,14,10,7,19,27,24
true,23,20,26,9,1,33,13,17,4
true,6,9,33,26,21,29,2,36,16
true,1,27,4,14,32,24,20,11,8
true,24,30,5,18,15,36,21,1,27
true,31,25,4,35,28,21,17,14,9
true,14,21,24,4,8,1,36,11,17
true,20,4,23,15,11,27,7,31,1
true,13,36,10,30,2,21,7,26,18
true,33,1,36,18,10,29,4,7,26
true,30,21,25,9,13,18,5,36,33
true,23,2,31,35,11,5,18,26,14
true,7,32,35,13,1,4,17,20,24
true,36,19,24,15,4,12,31,9,1
true,24,21,12,36,6,28,15,31,1
true,23,4,9,12,30,15,26,36,20
true,19,6,13,3,23,10,31,36,27
true,8,36,16,22,2,19,11,5,33
true,35,29,22,14,2,32,10,6,19
false,21,12,28,17,35,6,4,32,18
false,7,11,17,6,18,6,29,21,21
false,24,28,5,25,27,22,3,34,17
false,2,26,19,22,33,17,5,3,4
false,34,31,26,10,13,11,8,34,23
false,23,13,31,4,33,28,6,7,26
false,25,24,32,27,12,12,31,13,3
false,13,8,15,19,34,11,24,35,11
false,21,3,36,28,19,5,11,33,30
false,6,19,8,2,10,5,26,34,17
false,14,12,27,36,9,23,24,14,34
false,34,36,31,24,15,19,34,30,36
false,35,6,8,18,8,23,29,22,22
false,3,7,34,12,34,22,3,3,20
false,11,35,3,26,9,21,19,14,23
false,31,18,35,19,4,10,22,36,18
false,7,23,15,9,2,35,19,19,3
false,23,12,17,15,19,9,6,16,6
false,9,36,34,32,20,36,16,2,10
false,14,12,17,33,33,11,24,9,21
false,33,5,19,2,19,35,35,35,32
false,9,28,30,21,2,10,36,24,5
false,23,6,8,20,10,30,35,13,15
false,32,6,29,21,18,17,2,30,36
false,12,19,9,16,7,12,22,27,30
false,20,11,36,24,7,16,22,33,9
false,8,36,28,15,8,10,2,11,24
false,15,18,15,5,29,1,20,35,3
false,35,10,4,16,18,25,27,10,10
false,19,13,35,1,25,24,30,34,19
false,17,35,2,9,1,10,16,16,14
false,16,13,22,19,12,27,9,7,3
false,26,33,36,23,30,26,7,8,12
false,26,36,3,11,16,17,8,6,2
false,1,20,20,34,31,2,28,30,6
false,17,35,7,27,34,16,17,27,8
false,9,4,20,17,7,2,29,14,27
false,27,22,29,22,21,23,13,29,9
false,9,22,29,35,13,5,8,11,33
false,13,26,6,6,19,22,14,15,7
false,18,2,19,15,20,23,32,30,6
false,24,12,20,1,27,19,30,32,33
false,13,10,27,36,36,30,31,33,14
false,3,24,11,3,22,6,32,33,3
false,12,20,5,5,1,28,21,10,28
false,12,35,22,28,16,15,10,27,10
false,6,36,13,12,7,26,14,26,23
false,7,20,31,12,28,22,22,25,26
false,10,21,22,27,36,36,24,26,20
false,3,18,7,2,8,32,3,34,21
false,29,10,26,13,36,36,25,3,7
false,9,36,14,3,6,6,35,20,35
false,23,14,29,11,18,24,17,29,13
false,24,34,5,21,35,4,31,33,12
false,19,9,5,20,16,33,1,23,5
false,10,31,6,27,13,31,10,6,29
false,23,7,22,30,13,1,28,26,25
false,34,16,26,4,12,24,12,27,30
false,17,26,30,4,35,9,23,12,17
false,9,6,19,4,29,23,11,14,10
false,15,31,31,34,4,26,28,31,2
false,16,29,19,34,33,35,21,5,35
false,12,17,18,35,14,1,7,1,21
false,32,9,34,28,23,9,15,1,11
false,25,11,21,4,5,4,32,18,21
false,33,22,17,25,11,10,30,16,27
false,29,3,13,9,8,23,13,21,27
false,15,7,32,16,23,8,8,18,32
false,5,12,32,23,3,9,22,36,24
false,3,3,2,28,22,35,18,4,23
false,20,19,10,15,25,20,36,24,5
false,36,4,7,26,2,1,22,31,35
false,22,35,29,32,18,5,21,32,12
false,3,14,12,30,19,30,12,26,19
false,24,7,10,22,18,22,7,9,30
false,6,14,30,26,11,2,20,8,36
false,32,34,6,4,16,15,33,30,31
false,23,23,23,35,22,21,35,35,15
false,13,5,10,31,36,2,33,5,6
false,2,17,21,2,19,3,10,10,9
false,33,1,24,17,3,21,6,35,22
false,11,27,27,33,24,18,25,8,25
false,4,26,11,14,18,20,25,14,8
false,4,34,12,21,18,13,33,23,26
false,4,4,22,7,22,13,36,3,30
false,8,27,18,15,30,15,28,30,7
false,10,30,22,12,12,27,13,28,23
false,3,34,1,35,5,22,10,22,35
false,5,14,6,28,11,10,9,36,7
false,12,33,31,17,36,27,20,6,20
false,9,33,2,17,4,12,15,9,22
false,6,19,16,25,7,3,22,36,19
false,8,36,13,30,33,10,24,12,23
false,17,6,24,1,26,1,5,36,29
false,35,35,13,32,4,3,9,25,5
false,8,11,2,32,33,22,13,10,27
false,22,32,11,2,29,26,30,7,19
false,35,32,8,4,5,32,22,13,32
false,24,6,34,33,8,36,9,12,20
false,23,2,15,19,24,25,32,28,11
false,2,7,19,27,8,24,19,17,20
false,18,13,15,14,10,1,2,14,29
false,29,14,9,12,26,6,4,4,12
false,30,17,19,17,32,23,19,2,1
false,17,11,13,10,31,26,5,23,13
false,7,27,36,21,27,19,35,15,36
false,31,4,35,31,18,2,17,34,11
false,22,23,35,25,20,6,21,13,28
false,35,24,18,20,26,30,2,36,25
false,33,9,29,34,36,14,22,35,9
false,27,18,15,1,7,21,6,5,6
false,33,1,13,23,15,25,17,5,11
false,34,18,15,10,18,4,11,19,11
false,7,4,35,1,23,20,2,29,16
false,27,6,12,8,20,15,7,28,22
false,21,27,9,26,16,29,29,20,1
false,7,18,26,6,28,12,33,11,10
false,29,33,18,35,32,1,24,22,23
false,24,23,2,34,35,33,18,4,18
false,14,7,16,34,34,13,13,33,10
false,24,30,32,3,1,7,26,16,34
false,24,8,8,34,20,33,26,16,3
false,23,21,32,35,16,32,6,13,7
false,27,28,3,8,18,3,12,18,27
false,21,22,19,17,23,16,25,31,19
false,30,35,8,21,20,24,22,2,19
false,35,22,36,6,18,26,8,35,12
false,35,23,26,14,19,27,12,27,21
false,7,11,11,25,11,22,15,18,28
false,11,13,12,30,7,8,35,19,27
false,8,4,20,21,29,6,13,3,33
false,11,26,13,15,32,3,27,19,31
false,22,21,29,15,3,1,32,2,29
false,17,29,12,32,6,30,26,13,30
false,5,24,14,21,7,26,29,24,36
false,27,2,7,34,3,14,36,8,36
false,33,13,14,8,11,29,19,25,26
false,10,20,22,33,16,3,33,8,17
false,2,17,9,14,33,13,25,34,12
false,27,35,18,33,3,33,11,10,20
false,6,24,24,14,20,33,1,25,16
false,17,29,11,27,23,19,29,23,18
false,35,20,12,23,11,16,10,9,28
false,19,15,26,32,27,10,27,16,36
false,33,22,19,17,12,7,35,22,5
false,5,32,25,11,24,33,2,21,29
false,21,24,31,2,22,36,10,18,18
false,28,21,26,10,29,32,33,10,22
false,7,34,9,18,3,11,12,12,14
false,32,2,19,10,34,9,1,16,16
false,27,28,35,7,10,28,17,35,3
false,7,28,25,20,29,23,32,5,21
false,14,24,32,16,28,35,34,24,12
false,11,33,16,11,29,1,4,20,19
false,33,2,30,36,19,12,20,8,22
false,7,12,13,23,16,20,28,25,16
false,7,24,12,31,9,29,35,30,32
false,20,23,28,1,14,17,16,32,6
false,22,9,28,18,28,24,17,8,4
false,34,12,27,35,28,8,17,20,8
false,10,21,31,18,25,17,26,25,5
false,11,16,36,24,34,13,2,24,34
false,23,21,26,5,30,1,33,18,28
false,30,22,10,35,4,23,27,33,13
false,29,4,4,13,25,31,19,27,27
false,23,31,13,30,13,12,7,8,24
false,29,19,26,14,1,31,6,24,20
false,25,19,33,9,35,12,32,35,7
false,33,7,20,24,23,30,22,6,13
false,26,16,2,26,18,33,16,8,29
false,14,32,2,17,27,34,5,26,7
false,14,19,9,5,27,6,30,13,22
false,20,29,4,4,19,29,15,12,20
false,27,36,26,33,12,10,11,35,30
false,18,5,5,8,26,6,14,35,1
false,19,5,18,33,32,30,18,30,1
false,7,28,17,2,24,16,23,6,31
false,5,9,26,21,17,3,25,36,30
false,25,32,24,35,8,17,22,8,9
false,9,29,16,33,13,26,6,12,34
false,25,4,24,24,9,12,3,34,15
false,35,24,20,27,24,22,12,23,19
false,35,13,35,3,23,17,26,8,10
false,16,20,16,21,1,3,8,35,35
false,21,28,5,29,28,2,5,13,25
false,9,5,1,33,6,6,19,28,31
false,20,27,30,27,4,19,7,7,29
false,23,4,23,19,25,9,30,29,7
false,1,19,14,34,30,29,12,2,33
false,36,15,24,31,26,10,25,27,11
false,21,23,32,29,1,28,22,36,11
false,12,22,35,36,17,13,16,10,3
false,29,31,9,12,23,12,21,30,25
false,32,5,22,10,16,30,34,13,9
false,35,25,23,31,11,3,31,25,28
false,15,31,28,21,30,35,6,33,17
false,33,19,34,28,20,27,24,8,13
false,10,32,27,26,8,2,32,15,4
false,19,16,16,17,29,27,15,23,10
false,10,6,16,12,36,35,27,2,29
false,19,28,27,19,33,7,19,6,18
false,16,4,15,5,26,1,9,9,10
false,26,33,6,3,10,32,18,5,10
false,19,30,36,35,12,32,5,23,30
false,28,10,10,18,1,15,16,7,24
false,1,28,26,23,9,10,3,4,15
false,34,9,12,35,23,22,34,30,27
false,36,35,3,34,32,19,3,17,28
false,31,22,11,18,20,31,35,23,8
false,21,22,10,7,7,14,26,10,2
false,23,14,23,12,36,3,27,28,29
false,19,17,19,23,2,24,34,9,5
false,2,21,2,19,25,11,26,29,17
false,4,34,34,22,24,11,21,21,35
false,21,17,8,24,10,18,31,34,21
false,18,13,30,31,9,17,18,22,6
false,9,33,8,34,10,34,29,1,17
false,20,32,8,7,21,6,16,27,15
false,18,4,19,32,25,35,33,29,20
false,5,4,23,20,12,24,23,4,17
false,36,4,6,33,3,29,24,29,7
false,14,14,18,36,12,34,33,33,27
false,18,28,33,20,28,15,25,29,9
false,36,17,14,5,18,1,25,14,1
false,30,18,30,14,35,14,13,11,5
false,30,29,2,1,12,21,18,5,18
false,1,11,21,17,15,29,23,27,13
false,23,11,19,17,4,28,13,32,2
false,15,15,30,17,25,8,8,11,33
false,31,11,35,30,19,19,13,3,25
false,21,8,17,25,14,34,3,28,29
false,21,13,33,6,23,3,17,2,32
false,3,29,1,16,34,6,13,15,7
false,33,20,4,8,27,4,32,33,35
false,29,33,18,2,11,7,24,4,17
false,32,1,22,28,22,5,18,19,11
false,17,27,16,13,18,30,3,8,13
false,20,22,26,7,6,13,35,9,36
false,14,13,11,33,1,3,15,36,7
false,35,26,18,34,14,6,28,30,2
false,22,12,32,13,29,35,6,34,10
false,28,6,33,1,9,36,27,8,22
false,4,21,27,24,22,32,5,18,4
false,30,2,21,19,20,31,21,15,12
false,28,10,16,1,11,33,9,6,18
false,23,3,22,12,25,10,33,21,8
false,32,29,8,19,17,7,25,5,23
false,22,12,33,22,28,33,1,14,14
false,30,15,19,8,15,25,28,12,17
false,12,36,4,34,34,2,6,15,29
false,23,24,21,33,21,32,32,13,20
false,33,24,21,32,25,22,16,23,25
false,12,25,27,18,8,5,30,12,23
false,13,18,36,15,26,20,19,35,12
false,34,8,2,12,34,9,1,12,9
false,24,35,19,2,12,30,35,5,10
false,34,31,26,16,10,29,9,17,3
false,25,4,35,4,17,3,28,17,24
false,29,23,35,36,3,18,5,8,6
false,29,3,28,28,30,2,33,8,8
false,33,31,21,6,17,34,3,27,5
false,1,3,6,34,34,2,20,33,19
false,9,34,27,12,6,29,31,27,10
false,8,6,1,10,24,8,25,29,21
false,15,3,15,6,26,10,14,36,31
false,3,4,9,26,35,16,34,36,24
false,6,31,2,9,31,18,23,21,32
false,32,22,22,16,18,20,20,15,17
false,2,17,2,14,23,21,25,17,16
false,6,14,14,23,24,14,22,26,13
false,19,29,13,4,28,27,17,16,3
false,26,11,13,35,34,32,11,15,5
false,36,28,18,33,30,17,36,21,15
false,2,22,29,4,6,6,36,30,2
false,21,28,7,1,8,10,20,32,32
false,32,35,15,10,32,16,8,26,29
false,10,14,30,19,34,24,13,14,21
false,13,29,4,25,3,21,7,34,23
false,19,28,25,27,23,33,26,25,4
false,14,18,5,26,21,35,24,12,31
false,27,15,13,14,35,14,21,9,22
false,19,17,8,27,29,25,8,15,18
false,22,31,31,22,24,20,24,16,32
false,17,32,30,2,1,15,14,2,5
false,32,11,2,12,34,9,3,21,16
false,13,9,11,26,15,19,5,4,19
false,32,3,13,12,17,34,34,35,26
false,3,27,36,6,13,29,25,27,35
false,20,19,2,6,9,28,3,21,4
false,22,34,17,8,18,4,13,24,27
false,9,32,2,30,34,3,1,27,18
false,31,27,26,22,23,6,20,35,21
false,27,22,28,25,31,33,18,17,10
false,13,30,31,7,1,16,5,36,21
false,1,17,27,15,24,3,36,34,27
false,5,14,20,9,36,8,30,12,36
false,32,15,27,20,13,19,14,26,36
false,8,17,1,15,19,5,22,22,3
false,33,31,8,34,14,33,5,31,4
false,35,29,4,21,7,24,24,20,26
false,9,10,26,27,3,24,24,18,35
false,7,13,17,7,26,35,17,8,28
false,6,1,7,5,25,20,24,9,27
false,22,23,23,21,5,33,4,7,18
false,31,13,23,21,33,12,16,24,7
false,27,27,24,5,9,17,27,33,6
false,15,30,34,32,7,18,10,17,5
false,11,28,13,21,4,5,14,3,24
false,12,20,10,8,4,33,16,11,31
false,11,16,32,9,3,25,33,21,31
false,24,24,28,14,26,34,11,35,23
false,28,2,24,2,34,29,12,12,8
false,13,16,29,17,32,9,32,19,22
false,11,2,6,19,2,16,36,22,27
false,35,31,36,26,29,36,21,20,2
false,11,19,35,23,28,14,32,23,3
false,35,12,6,32,21,30,18,9,32
false,19,7,7,35,28,5,19,21,33
false,34,8,11,31,28,5,16,1,29
false,15,3,20,3,16,5,23,9,6
false,25,3,9,13,21,30,11,2,32
false,5,16,4,11,15,8,32,27,5
false,10,12,9,2,29,13,4,7,29
false,35,6,27,3,6,6,6,25,7
false,30,26,28,36,32,15,12,5,33
false,16,12,12,24,5,13,31,24,31
false,31,4,11,7,26,16,25,3,12
false,30,9,7,35,14,33,28,30,31
false,5,31,25,16,6,16,21,25,28
false,36,19,5,31,16,30,27,35,28
false,11,5,11,27,13,1,9,17,12
false,9,19,2,28,18,18,34,15,21
false,13,9,27,9,22,10,4,13,11
false,31,10,19,2,28,35,13,18,1
false,16,17,25,8,15,12,26,34,15
false,15,13,5,23,20,21,7,3,1
false,5,5,1,13,1,8,25,20,10
false,24,25,15,21,7,26,31,23,28
false,26,13,10,21,6,12,29,30,29
false,29,13,17,35,23,11,21,6,12
false,13,4,29,9,10,28,35,9,19
false,30,35,20,33,21,26,30,9,6
false,22,22,8,8,34,3,24,2,27
false,22,25,35,17,30,13,34,11,35
false,25,14,11,21,4,3,4,13,33
false,26,33,27,10,15,2,13,36,3
false,9,30,16,21,4,6,6,3,21
false,22,35,31,26,18,34,29,1,14
false,10,4,8,35,16,24,4,27,4
false,23,1,31,26,3,16,22,30,33
false,16,10,10,7,28,12,25,10,12
false,24,1,11,30,3,21,21,32,15
false,15,31,32,18,12,26,25,15,11
false,23,2,13,2,13,1,6,30,9
false,21,6,8,27,19,14,11,6,15
false,23,26,7,2,5,2,18,20,32
false,9,14,27,26,31,13,19,9,12
false,21,17,13,36,13,33,10,28,12
false,10,26,36,22,22,32,28,8,21
false,24,19,2,29,10,26,2,32,28
false,34,16,18,1,33,20,36,27,8
false,15,32,27,30,33,34,12,11,8
false,26,8,36,20,3,24,31,16,29
false,17,31,30,35,26,12,5,32,31
false,17,11,9,29,17,15,10,3,1
false,26,29,11,25,20,34,8,13,26
false,32,8,26,25,1,22,31,2,17
false,21,24,30,23,17,16,25,35,30
false,32,5,16,24,22,36,8,20,23
false,21,30,33,17,36,2,32,12,7
false,32,30,3,3,36,5,7,30,22
false,34,25,6,10,2,3,36,21,14
false,36,36,3,9,27,26,14,19,28
false,34,32,15,4,3,20,1,16,22
false,16,31,23,3,3,34,19,13,14
false,28,21,33,8,20,23,21,31,20
false,5,11,33,20,11,12,2,27,20
false,7,27,20,19,31,25,8,11,25
false,36,13,9,2,35,11,14,35,34
false,17,30,16,34,24,28,36,23,31
false,34,36,20,19,16,16,12,27,7
false,8,2,35,26,32,7,18,25,33
false,23,29,21,3,15,25,19,10,21
false,2,24,15,25,1,35,32,21,25
false,18,13,3,33,25,33,32,2,15
false,24,21,10,1,25,27,27,33,28
false,2,23,20,11,2,32,35,29,33
false,13,32,22,20,8,17,34,8,15
false,1,36,18,21,18,2,12,33,1
false,28,2,8,21,4,22,27,36,31
false,29,14,17,2,5,5,17,35,27
false,26,32,21,16,33,11,5,3,22
false,28,20,28,11,2,35,12,9,30
false,35,32,29,10,25,2,15,32,22
false,6,31,17,33,25,36,14,14,35
false,4,13,19,2,4,20,25,32,15
false,11,14,35,36,24,29,13,14,13
false,36,19,36,15,12,8,8,23,10
false,7,31,13,2,9,21,5,7,11
false,26,23,3,29,19,20,16,23,4
false,36,26,20,25,6,2,24,25,11
false,28,1,12,12,22,2,35,4,18
false,24,20,15,21,24,14,13,19,14
false,20,5,33,21,17,26,8,16,11
false,9,10,22,26,33,4,30,29,35
false,12,31,14,19,4,30,20,34,9
false,28,28,4,4,16,17,14,36,6
false,22,26,2,8,9,5,33,19,27
false,32,23,33,6,32,18,15,5,28
false,5,7,7,21,8,14,5,23,19
false,12,17,12,10,14,20,3,15,10
false,33,29,13,20,7,14,18,30,9
false,23,32,32,8,13,11,23,5,17
false,25,5,29,34,30,27,32,18,3
false,17,1,27,3,36,24,24,17,19
false,28,1,3,34,33,31,2,5,34
false,20,23,15,1,12,8,17,21,12
false,23,6,21,7,29,36,33,23,25
false,31,32,33,11,1,14,6,32,36
false,19,4,10,3,26,21,4,33,26
false,36,10,23,17,4,16,26,17,23
false,34,32,25,11,21,14,11,19,3
false,32,3,36,27,26,27,26,16,27
false,30,35,23,9,5,2,28,33,25
false,22,13,35,27,32,28,27,27,19
false,10,6,12,2,20,25,14,36,26
false,28,16,34,33,17,14,34,31,26
false,29,10,2,3,19,10,13,19,18
false,18,25,9,24,21,13,31,19,7
false,9,16,28,17,3,25,33,1,29
false,1,5,30,7,5,31,20,30,8
false,29,24,34,33,16,12,18,18,2
false,19,29,28,9,30,16,4,24,23
false,14,1,24,5,24,6,8,3,1
false,18,9,5,1,31,35,10,6,36
false,10,34,11,9,6,29,30,21,25
false,19,12,36,24,21,4,5,14,15
false,35,32,31,14,14,34,21,15,10
false,27,35,33,13,12,17,8,27,10
false,26,27,21,1,22,32,19,11,29
false,34,32,23,28,10,28,11,33,33
false,29,10,4,3,1,31,25,33,6
false,24,14,18,11,5,4,7,6,29
false,28,27,10,12,34,34,18,27,20
false,29,13,29,15,16,35,21,19,26
false,14,17,14,25,12,9,7,25,21
false,30,17,17,9,29,18,7,28,10
false,10,6,10,18,6,30,15,36,3
false,7,30,5,5,31,18,18,26,1
false,26,28,31,30,32,14,8,9,4
false,7,36,1,19,28,32,25,15,29
false,18,15,27,24,9,34,1,18,9
false,3,4,10,19,10,8,24,6,14
false,16,31,24,34,13,17,4,34,29
false,6,24,35,19,14,4,4,9,13
false,5,16,18,4,14,13,15,8,5
false,22,12,1,11,31,27,23,34,13
false,21,22,15,29,35,15,28,32,16
false,3,9,17,18,21,18,21,13,2
false,7,33,20,33,26,4,4,13,31
false,19,13,23,15,27,28,22,25,12
false,35,2,21,28,17,35,16,9,6
false,32,16,2,30,9,17,23,18,21
false,12,6,36,21,29,8,14,14,34
false,24,5,36,17,19,31,7,18,6
false,29,1,13,35,35,31,15,29,14
false,35,13,1,22,14,29,11,33,21
false,9,27,18,5,35,7,30,14,30
false,7,24,12,16,12,13,31,8,28
false,27,7,29,10,35,18,27,32,34
false,35,24,29,30,4,24,28,20,36
false,26,2,7,14,32,6,27,25,36
false,17,14,28,14,36,11,6,18,24
false,19,4,29,30,18,28,11,16,10
false,6,6,23,35,34,22,13,32,28
false,11,21,27,20,34,6,27,36,24
false,3,23,24,10,36,33,11,17,30
false,26,4,17,11,2,7,35,4,16
false,12,31,4,31,35,24,35,20,34
false,25,12,32,33,11,3,23,8,30
false,22,36,28,5,21,31,36,7,18
false,27,2,24,35,29,17,29,18,33
false,31,19,33,17,21,36,21,20,7
false,8,24,3,12,34,18,26,12,23
false,4,13,29,30,21,34,26,11,21
false,32,6,12,29,6,16,8,31,3
false,1,23,12,12,16,24,28,6,33
false,27,1,26,21,21,25,20,33,11
false,4,21,12,8,18,20,10,18,21
false,2,8,12,31,34,24,33,26,11
false,7,15,17,8,4,21,32,19,6
false,7,18,35,3,36,28,23,1,31
false,33,10,4,18,16,2,21,29,35
false,1,23,29,9,20,33,25,4,26
false,4,9,36,25,14,7,16,6,29
false,31,9,19,19,8,23,27,18,4
false,35,29,33,9,4,22,21,32,2
false,15,2,1,18,5,23,33,15,31
false,12,14,21,6,20,14,33,1,25
false,11,29,31,29,25,12,10,23,15
false,34,16,13,36,20,30,18,29,26
false,26,24,35,22,29,15,29,27,15
false,10,3,6,33,35,19,7,28,31
false,10,32,5,29,14,4,19,9,12
false,1,21,28,2,26,9,34,34,14
false,24,3,24,23,11,30,21,15,21
false,19,4,19,2,35,11,12,1,33
false,6,28,24,19,16,9,28,11,22
false,18,18,8,24,1,13,5,34,35
false,28,11,35,20,13,30,25,10,30
false,26,16,2,34,8,23,4,4,21
false,5,32,3,32,19,36,32,18,15
false,31,23,25,30,3,27,15,14,27
false,2,24,25,14,12,16,18,3,9
false,11,2,19,22,21,14,3,14,1
false,4,15,18,32,13,5,6,20,30
false,12,7,34,35,9,11,27,5,26
false,20,28,24,15,29,32,32,14,6
false,1,33,5,12,26,3,32,20,10
false,15,12,35,20,35,18,9,24,32
false,4,21,18,28,7,20,8,15,13
false,27,8,12,11,36,19,25,16,10
false,10,25,31,28,17,27,25,24,23
false,27,19,30,13,24,18,5,35,15
false,29,36,6,21,32,30,23,34,2
false,24,8,34,10,26,26,16,32,17
false,24,10,3,9,12,10,36,20,32
false,22,34,6,30,32,18,26,32,18
false,12,26,2,3,17,12,31,13,27
false,12,21,16,13,14,28,10,25,13
false,21,30,10,27,36,9,9,12,4
false,30,29,36,13,20,26,13,23,4
false,13,10,8,30,10,17,9,6,31
false,26,8,17,18,15,33,12,10,6
false,16,14,4,35,18,10,28,9,6
false,22,32,18,18,36,15,10,16,22
false,7,10,24,34,33,30,21,8,11
false,3,1,21,18,13,30,12,1,5
false,24,27,1,9,8,31,32,7,28
false,30,5,15,3,28,6,7,7,9
false,22,13,17,4,9,17,28,28,28
false,16,4,28,11,26,35,32,16,4
false,7,10,1,31,33,18,36,6,22
false,2,27,23,7,9,17,35,3,16
false,8,22,11,30,7,10,9,10,16
false,13,8,33,35,14,2,6,15,13
false,29,36,12,25,23,35,1,9,30
false,24,10,26,13,15,19,19,22,8
false,4,3,1,22,12,2,33,33,31
false,24,25,29,2,18,15,10,21,13
false,26,20,20,33,9,29,1,25,11
false,2,5,13,23,13,13,2,23,33
false,23,17,35,9,25,24,35,12,3
false,13,16,2,33,11,30,31,5,6
false,9,15,13,22,5,31,6,12,6
false,28,1,26,5,28,3,30,16,22
false,28,24,28,13,5,30,9,6,25
false,21,19,5,26,32,4,14,26,23
false,11,16,5,12,31,26,21,9,11
false,3,21,21,13,21,10,2,25,10
false,29,20,35,31,27,20,22,20,3
false,23,20,16,23,34,11,33,35,19
false,14,6,36,2,36,24,34,19,15
false,16,5,13,35,2,15,9,27,25
false,7,2,9,25,21,25,12,23,17
false,3,18,26,15,34,23,26,4,33
false,19,26,3,4,4,32,27,4,11
false,26,30,36,1,23,32,25,20,34
false,35,5,22,15,9,7,12,7,27
false,31,36,26,33,33,20,20,34,1
false,15,14,21,13,16,6,13,30,16
false,19,33,14,21,7,34,35,18,17
false,9,6,5,26,19,35,2,34,25
false,18,3,9,18,22,17,10,15,8
false,18,2,9,25,19,6,10,1,7
false,8,15,3,34,35,2,34,12,1
false,9,12,7,9,9,33,12,36,20
false,14,6,33,31,28,24,21,22,30
false,33,3,36,6,34,36,30,21,4
false,27,13,5,22,18,32,29,6,31
false,14,5,21,4,17,29,33,27,18
false,31,35,35,34,22,29,36,27,3
false,19,26,31,15,26,34,11,35,27
false,21,1,19,15,22,27,8,33,31
false,10,34,35,11,17,12,11,16,33
false,21,27,10,22,9,33,28,1,33
false,29,24,26,33,24,31,6,33,11
false,34,8,19,10,7,17,35,7,14
false,5,33,36,28,23,22,22,19,29
false,1,18,20,14,36,26,35,17,7
false,36,12,3,22,29,31,27,25,4
false,18,16,13,17,13,7,8,5,14
false,35,31,4,24,29,20,1,29,1
false,5,12,7,18,31,29,30,36,24
false,30,29,5,7,2,14,16,5,14
false,6,15,33,8,19,10,16,9,28
false,7,1,31,4,17,31,12,27,26
false,31,7,22,34,15,8,35,23,3
false,19,29,26,15,33,35,4,32,34
false,2,22,2,10,13,21,27,18,20
false,12,18,34,14,7,13,25,25,35
false,1,12,7,2,17,33,26,29,25
false,12,9,31,14,3,29,8,24,20
false,8,30,34,19,18,17,27,3,27
false,23,15,7,28,29,30,9,33,9
false,24,2,20,32,34,26,32,23,28
false,23,12,16,8,26,19,9,35,13
false,10,5,24,10,28,23,19,19,28
false,20,35,6,28,12,20,35,8,7
false,9,32,21,6,24,23,16,25,23
false,36,29,1,11,11,1,20,36,3
false,27,25,33,21,5,26,4,5,1
false,27,12,26,19,25,28,8,15,20
false,10,14,29,15,9,34,36,17,33
false,16,15,25,23,15,12,3,7,10
false,24,26,31,12,11,17,20,4,8
false,8,24,24,21,35,32,26,8,23
false,32,11,4,20,1,27,5,8,21
false,12,22,23,1,8,17,13,18,22
false,32,34,16,33,28,28,23,3,12
false,9,10,30,33,30,3,9,18,25
false,31,17,18,18,3,5,5,11,29
false,8,24,29,29,3,35,8,7,10
false,12,22,35,4,21,6,5,13,29
false,25,16,18,27,27,27,33,34,15
false,30,18,2,12,33,32,34,2,21
false,30,2,33,12,31,11,4,13,24
false,8,15,4,25,34,5,33,8,36
false,7,4,25,4,4,4,12,18,18
false,25,28,19,32,23,16,30,26,6
false,19,13,36,34,20,26,4,4,4
false,29,31,23,34,17,27,17,26,17
false,15,1,10,34,28,16,28,15,28
false,14,25,19,16,3,34,31,5,20
false,34,29,14,6,31,19,29,18,7
false,34,33,35,31,16,16,10,18,31
false,27,35,21,31,8,26,32,6,10
false,5,10,7,12,2,13,3,19,24
false,5,21,2,3,36,15,32,22,12
false,26,8,10,20,10,30,32,5,17
false,14,7,1,5,3,30,36,28,1
false,22,2,21,31,18,21,23,1,24
false,25,27,3,35,29,12,10,22,20
false,22,1,1,33,20,12,33,10,30
false,36,10,1,21,8,19,33,20,16
false,23,1,11,35,11,15,16,15,23
false,31,29,5,23,21,30,18,17,12
false,19,3,14,14,34,18,28,24,26
false,29,22,24,11,26,6,24,11,31
false,4,33,5,5,16,26,11,19,13
false,2,2,35,35,19,25,14,10,21
false,35,32,35,2,9,28,8,16,22
false,9,2,24,22,16,12,27,13,36
false,3,11,29,29,27,19,34,19,9
false,12,13,1,16,22,3,13,19,12
false,29,11,18,22,36,30,3,9,10
false,26,23,3,16,14,36,27,11,20
false,23,16,10,12,33,25,35,35,30
false,32,10,12,8,27,7,4,30,20
false,30,14,18,14,24,7,36,9,12
false,16,6,31,20,8,32,29,33,9
false,7,36,35,3,16,27,12,9,34
false,10,6,15,15,26,3,36,3,16
false,26,28,33,35,30,31,36,35,27
false,3,32,14,5,18,3,8,5,29
false,21,6,17,16,34,11,6,6,22
false,15,15,10,20,26,31,25,35,28
false,25,36,11,24,16,3,2,22,36
false,5,22,11,19,12,34,23,14,13
false,16,11,26,34,2,21,5,35,35
false,23,25,35,25,26,1,15,29,20
false,33,9,31,34,9,8,32,36,12
false,2,33,24,22,10,36,12,23,22
false,30,5,13,24,8,10,20,6,1
false,31,24,13,17,21,34,16,26,31
false,24,5,35,12,22,2,15,31,31
false,17,10,5,8,29,35,27,25,29
false,14,14,32,4,30,1,22,3,13
false,35,8,7,19,19,9,26,28,31
false,25,2,3,14,32,10,21,2,15
false,21,6,21,36,34,1,3,10,17
false,23,11,25,25,21,12,24,36,16
false,29,26,8,5,8,3,31,9,3
false,27,11,27,24,8,14,26,30,29
false,25,4,28,9,26,35,23,24,31
false,34,28,24,8,2,22,3,21,8
false,13,6,12,10,8,9,7,23,27
false,7,24,6,3,28,19,30,19,19
false,5,25,4,20,9,23,31,21,15
false,20,5,29,13,25,31,13,19,17
false,18,14,15,24,12,16,4,25,30
false,31,34,33,25,12,31,34,20,4
false,14,31,36,4,28,28,1,21,1
false,19,17,36,20,26,34,20,34,4
false,4,8,22,20,22,32,14,32,32
false,30,32,3,10,3,19,17,30,14
false,30,31,16,32,12,8,18,1,10
false,13,3,14,13,17,33,31,33,9
false,18,6,20,7,28,4,1,10,19
false,32,36,9,16,27,14,23,34,30
false,20,6,36,25,12,1,30,15,11
false,17,29,4,27,28,19,13,2,1
false,13,8,8,33,3,17,22,24,35
false,35,31,29,1,18,8,7,18,25
false,9,35,5,26,17,5,13,1,6
false,22,31,15,19,17,15,19,2,4
false,29,3,7,12,10,22,9,11,7
false,14,4,25,23,4,34,17,13,13
false,10,14,3,9,19,20,26,12,25
false,10,9,20,7,32,31,31,5,20
false,30,28,9,9,11,18,4,22,5
false,35,26,8,14,11,25,22,29,3
false,27,32,18,24,26,22,18,26,36
false,11,12,19,9,7,10,26,32,29
false,15,36,34,25,18,16,36,14,21
false,29,22,10,17,19,34,20,26,30
false,27,9,30,35,9,34,3,30,29
false,10,25,11,28,18,3,8,27,14
false,6,1,1,31,1,6,20,11,1
false,31,5,23,6,6,8,17,2,31
false,36,5,8,31,4,21,2,3,26
false,17,19,32,26,10,36,33,30,9
false,20,23,6,16,1,14,7,22,27
false,6,8,30,1,32,26,18,15,24
false,13,27,10,33,24,14,28,22,29
false,9,24,28,27,14,17,12,33,34
false,8,27,8,29,3,28,7,29,34
false,12,9,1,13,3,29,7,11,16
false,36,32,25,5,32,28,15,35,5
false,26,22,7,7,3,1,19,12,3
false,22,12,24,32,31,9,7,10,25
false,13,29,8,27,31,4,15,26,19
false,22,16,25,21,11,15,26,35,16
false,13,5,28,6,4,14,32,24,1
false,33,23,24,21,19,14,35,10,7
false,31,18,1,30,14,4,30,6,4
false,6,13,5,17,11,4,31,21,19
false,35,36,17,36,6,14,12,14,31
false,19,7,33,30,17,9,16,9,34
false,3,26,30,10,15,28,35,7,27
false,25,21,17,14,26,8,21,24,21
false,30,11,10,29,2,25,4,9,14
false,20,36,17,3,31,28,5,22,4
false,28,5,12,5,2,36,26,17,2
false,12,25,23,33,28,6,9,20,13
false,14,9,12,20,34,26,22,1,9
false,23,20,8,24,22,22,35,32,18
false,7,31,36,25,7,4,20,25,1
false,15,11,1,6,10,9,1,17,17
false,14,27,11,9,19,7,19,27,34
false,10,21,24,4,32,33,36,5,11
false,32,3,10,29,3,13,16,4,33
false,23,5,26,5,27,5,7,36,15
false,18,8,7,8,3,28,6,30,12
false,12,18,15,3,29,19,7,36,10
false,16,6,20,25,21,16,26,21,32
false,9,36,3,28,19,24,5,2,27
false,13,28,21,35,23,11,24,35,6
false,23,32,27,10,7,7,26,31,17
false,9,3,22,32,13,16,8,29,6
false,12,18,26,34,14,33,6,28,7
false,28,20,5,19,22,2,24,26,36
false,36,15,8,11,22,34,20,5,27
false,8,1,2,5,21,9,26,25,30
false,10,32,12,28,36,8,28,31,19
false,33,17,11,22,20,10,31,30,25
false,17,34,19,15,31,8,14,32,17
false,9,15,9,14,3,33,9,29,36
false,4,28,36,25,13,8,35,6,1
false,20,35,11,27,7,4,12,13,32
false,5,16,24,15,28,1,23,29,10
false,25,31,5,12,32,16,30,32,18
false,12,21,32,13,27,9,11,18,9
false,4,29,17,26,29,17,27,3,13
false,24,34,27,5,33,22,14,33,1
false,20,18,34,26,21,31,31,5,30
false,33,22,14,15,26,28,33,2,1
false,1,6,14,18,32,32,11,25,33
false,11,11,16,36,23,9,3,31,13
false,12,18,24,21,30,27,2,20,35
false,16,26,33,21,30,11,21,1,30
false,34,4,28,2,4,7,23,24,25
false,33,14,23,15,4,29,10,3,23
false,36,2,36,35,14,8,13,30,32
false,5,33,29,23,15,31,24,28,26
false,4,9,4,33,22,23,23,11,26
false,21,11,32,11,2,6,33,36,11
false,35,32,24,2,23,33,18,36,17
false,16,27,28,26,33,11,21,22,8
false,35,29,16,13,12,14,24,1,14
false,3,23,4,34,36,5,24,5,12
false,24,26,8,23,3,8,29,8,5
false,1,36,32,22,6,33,30,29,23
false,34,28,8,4,7,16,20,23,15
false,20,5,5,1,17,18,35,28,12
false,9,36,29,26,13,26,4,27,8
false,13,31,8,15,19,28,4,5,10
false,2,36,36,2,14,10,9,2,24
false,8,18,6,15,7,26,1,24,15
false,6,1,19,25,34,10,7,19,18
false,15,22,32,15,11,23,32,19,8
false,33,22,20,6,14,1,24,12,30
false,22,17,25,20,14,20,3,32,2
false,1,24,29,35,13,5,32,28,22
false,30,36,1,30,6,29,27,14,2
false,8,27,11,30,12,2,34,26,9
false,11,24,28,16,1,21,22,4,11
false,31,1,13,27,34,29,28,20,27
false,28,18,26,8,27,29,14,5,28
false,16,6,4,20,10,6,5,36,34
false,5,2,16,22,7,25,33,11,27
false,30,6,6,16,29,12,6,35,11
false,5,6,15,31,25,6,34,16,26
false,27,11,9,35,4,21,28,7,23
false,4,14,36,1,20,11,18,22,32
false,2,19,4,21,5,26,7,33,22
false,4,32,27,26,19,33,7,8,6
false,10,35,32,19,18,11,36,36,35
false,35,9,36,4,29,32,27,10,8
false,1,13,13,17,30,19,24,27,12
false,36,31,35,36,16,17,30,2,19
false,12,29,3,32,30,11,34,36,30
false,4,12,15,9,12,13,14,35,15
false,17,20,27,6,33,22,23,26,9
false,20,13,29,30,31,11,28,25,27
false,26,35,17,20,26,3,7,3,13
false,14,32,7,32,9,27,2,18,23
false,23,18,3,4,11,7,17,34,8
false,25,36,35,3,24,13,2,1,22
false,17,25,18,20,15,26,6,6,30
false,15,30,33,18,13,30,17,23,8
false,23,17,7,31,6,15,6,24,4
false,9,24,11,9,28,20,19,19,12
false,15,27,16,12,17,1,34,24,5
false,5,19,12,27,4,17,13,11,2
false,10,23,30,4,15,2,3,33,15
false,20,26,15,24,8,3,11,30,33
false,20,17,14,17,35,8,24,6,27
false,3,35,28,6,7,23,26,4,23
false,10,30,14,11,34,6,21,36,27
false,16,14,11,16,22,10,36,21,1
false,24,29,2,34,26,28,25,32,21
false,24,33,10,15,5,24,7,5,1
false,12,33,6,31,18,9,4,16,27
false,34,17,28,35,20,34,27,10,8
false,20,13,12,30,13,10,22,34,25
false,28,30,27,21,15,3,5,29,23
false,32,25,14,36,33,8,28,18,22
false,4,18,34,9,11,8,26,25,4
false,9,34,5,26,1,32,29,18,27
false,26,7,13,15,17,17,34,19,8
false,27,15,19,4,35,3,18,21,33
false,28,1,32,27,26,29,35,21,33
false,2,21,10,22,31,27,23,16,24
false,14,13,18,13,19,31,6,33,10
false,4,17,27,26,36,22,11,9,4
false,15,28,33,22,29,25,27,23,25
false,10,11,31,13,30,16,33,21,21
false,8,36,26,31,21,9,9,24,7
false,29,7,7,14,6,29,24,30,31
false,15,22,8,25,1,20,9,18,23
false,19,35,1,35,19,5,28,24,20
false,22,9,21,14,29,36,24,1,23
false,26,23,34,2,11,12,13,30,2
false,21,27,26,4,16,30,13,5,25
false,27,31,27,2,5,25,25,2,34
false,19,29,28,8,28,23,30,36,28
false,19,4,5,32,13,23,22,5,21
false,7,30,29,5,36,30,6,5,36
false,2,12,4,12,29,4,27,1,14
false,3,30,11,12,13,1,4,16,30
false,36,29,24,12,5,27,24,9,32
false,14,20,1,5,23,30,28,24,33
false,29,30,35,22,28,9,34,10,12
false,14,26,16,3,7,35,32,1,21
false,22,16,24,9,18,9,17,31,10
false,16,25,23,4,22,36,1,9,32
false,17,5,19,35,13,1,23,3,27
false,10,12,10,1,31,27,11,32,1
false,24,9,22,19,17,21,30,33,20
false,14,25,23,36,8,20,10,34,25
false,25,12,31,33,29,3,33,23,12
false,8,3,13,10,2,1,34,23,20
false,7,31,20,15,4,31,23,26,21
false,7,33,12,20,26,12,20,6,23
false,20,4,4,14,8,7,19,8,19
false,11,3,35,10,1,6,25,19,14
false,25,6,16,2,26,35,30,16,8
false,34,11,12,22,33,8,8,7,15
false,31,17,11,33,20,20,26,12,16
false,20,11,3,8,32,33,24,10,29
false,12,36,22,10,18,6,13,22,25
false,25,14,20,3,17,35,1,30,31
false,22,7,2,13,23,21,14,2,18
false,4,23,20,18,4,18,30,16,26
false,30,12,5,20,14,23,22,31,11
false,4,15,4,27,8,13,4,12,5
false,1,4,34,3,15,11,10,18,21
false,18,10,9,22,15,1,3,29,11
false,22,13,22,23,23,30,30,9,25
false,31,35,1,27,25,10,16,14,22
false,5,36,8,21,26,36,1,26,8
false,10,13,18,24,23,26,30,19,5
false,23,5,16,14,30,29,12,15,8
false,13,33,23,26,33,21,9,18,31
false,28,26,17,26,8,34,11,25,9
false,8,25,30,8,20,6,1,14,5
false,8,17,12,31,33,22,21,33,20
false,5,33,33,10,29,27,20,9,10
false,19,24,15,2,19,13,36,25,17
false,34,36,17,3,22,9,20,14,8
false,21,25,21,7,3,30,17,5,8
false,26,25,30,6,18,4,25,2,31
false,35,25,31,3,17,30,26,7,14
false,1,12,24,8,4,31,21,13,26
false,6,14,23,17,11,26,7,27,7
false,2,1,23,11,6,33,9,26,5
false,20,3,10,2,2,4,24,28,15
false,15,17,27,3,12,11,30,31,17
false,27,27,10,24,18,32,5,20,32
false,1,9,4,14,28,5,3,5,29
false,34,19,8,16,14,14,31,24,6
false,32,24,3,24,8,26,24,10,35
false,18,23,6,20,12,9,2,6,13
false,24,1,26,8,4,36,32,24,25
false,13,11,18,30,27,3,32,30,30
false,8,26,25,7,8,14,3,30,35
false,23,32,18,19,30,30,36,19,29
false,12,7,11,16,29,11,14,7,24
false,33,4,4,32,2,21,9,28,2
false,23,21,27,26,32,27,4,4,25
false,14,36,4,2,30,1,7,8,35
false,31,10,16,10,12,2,23,26,5
false,22,4,28,33,17,30,29,1,26
false,32,3,20,7,36,19,25,33,3
false,9,11,16,17,18,15,2,33,8
false,32,18,20,36,23,19,14,14,23
false,23,12,15,29,22,24,10,8,6
false,29,17,2,1,26,2,30,31,26
false,24,10,4,19,16,2,29,1,29
false,10,32,24,13,4,7,3,17,24
false,22,19,28,10,14,18,20,13,29
false,18,28,17,32,20,36,33,4,26
false,28,7,8,10,2,12,34,19,2
false,22,33,3,13,33,2,2,22,34
false,12,30,24,8,12,9,29,31,33
false,33,29,2,10,2,3,27,15,4
false,15,31,17,2,33,24,31,24,9
false,26,19,15,15,19,22,1,31,6
false,18,5,22,16,20,6,17,34,5
false,34,20,27,1,31,32,21,32,16
false,8,28,30,11,12,27,10,25,6
false,34,16,10,3,33,25,31,1,29
false,35,4,36,8,14,21,12,33,13
false,24,8,35,8,7,31,28,12,24
false,23,2,17,15,16,9,32,32,22
false,10,4,34,34,24,13,26,23,4
false,36,36,21,33,8,19,36,10,16
false,16,20,32,9,18,15,34,20,12
false,22,4,5,28,7,14,30,6,7
false,18,12,33,35,3,28,3,26,6
false,15,3,2,3,23,32,19,20,30
false,2,8,6,10,26,8,27,16,12
false,6,9,34,19,8,2,30,21,19
false,35,26,7,2,28,12,13,2,27
false,15,9,13,2,8,15,34,31,1
false,15,32,22,4,24,35,34,33,14
false,12,1,31,14,11,36,33,20,10
false,28,3,5,22,11,17,23,25,26
false,15,36,9,4,35,8,21,15,27
false,28,8,32,11,33,14,20,16,27
false,23,15,8,35,25,27,3,36,17
false,24,28,25,30,31,9,5,30,8
false,20,30,25,9,35,7,16,18,35
false,15,14,34,11,20,5,10,4,15
false,17,7,11,23,22,31,9,28,10
false,28,34,14,18,18,18,23,22,7
false,10,10,22,12,33,19,7,29,28
false,7,15,30,25,10,5,3,3,16
false,36,23,34,22,14,23,25,28,36
false,20,10,5,1,13,20,35,31,4
false,21,35,35,22,30,26,15,12,17
false,19,22,30,18,10,25,26,4,17
false,36,34,35,17,28,3,16,5,34
false,32,4,34,6,7,16,15,25,36
false,9,31,27,23,33,1,19,12,11
false,35,30,27,33,10,29,29,21,5
false,13,23,28,36,36,2,24,24,34
false,17,10,15,23,17,12,4,22,3
false,17,3,35,31,3,20,24,1,23
false,21,28,25,34,1,6,17,20,17
false,20,28,17,6,28,22,22,16,20
false,4,26,16,7,25,14,20,31,1
false,3,23,9,4,23,15,14,7,25
false,30,12,28,14,23,1,29,24,5
false,13,26,20,7,36,13,31,15,35
false,17,24,19,2,7,27,36,23,9
false,14,17,30,5,33,28,6,11,33
false,28,3,15,31,4,25,18,16,6
false,3,14,7,11,9,29,3,14,1
